{
    "indicator": [
      {"name": "销售额", "max": 200},
      {"name": "订单量", "max": 5000},
      {"name": "客单价", "max": 300},
      {"name": "用户数", "max": 10000},
      {"name": "增长率(%)", "max": 50}
    ],
    "regions": [
      {
        "name": "华东地区",
        "value": [180, 4500, 280, 9000, 30]
      },
      {
        "name": "华南地区",
        "value": [150, 3800, 250, 7500, 25]
      },
      {
        "name": "华北地区",
        "value": [120, 3000, 220, 6000, 20]
      }
    ]
  }